"GEO_ID","id",
"NAME","Geographic Area Name",
"C18121_001E","Estimate!!Total",
"C18121_001M","Margin of Error!!Total",
"C18121_002E","Estimate!!Total!!Worked full-time, year round",
"C18121_002M","Margin of Error!!Total!!Worked full-time, year round",
"C18121_003E","Estimate!!Total!!Worked full-time, year round!!With a disability",
"C18121_003M","Margin of Error!!Total!!Worked full-time, year round!!With a disability",
"C18121_004E","Estimate!!Total!!Worked full-time, year round!!No disability",
"C18121_004M","Margin of Error!!Total!!Worked full-time, year round!!No disability",
"C18121_005E","Estimate!!Total!!Worked less than full-time, year round",
"C18121_005M","Margin of Error!!Total!!Worked less than full-time, year round",
"C18121_006E","Estimate!!Total!!Worked less than full-time, year round!!With a disability",
"C18121_006M","Margin of Error!!Total!!Worked less than full-time, year round!!With a disability",
"C18121_007E","Estimate!!Total!!Worked less than full-time, year round!!No disability",
"C18121_007M","Margin of Error!!Total!!Worked less than full-time, year round!!No disability",
"C18121_008E","Estimate!!Total!!Did not work",
"C18121_008M","Margin of Error!!Total!!Did not work",
"C18121_009E","Estimate!!Total!!Did not work!!With a disability",
"C18121_009M","Margin of Error!!Total!!Did not work!!With a disability",
"C18121_010E","Estimate!!Total!!Did not work!!No disability",
"C18121_010M","Margin of Error!!Total!!Did not work!!No disability",
