"GEO_ID","id",
"NAME","Geographic Area Name",
"C18120_001E","Estimate!!Total",
"C18120_001M","Margin of Error!!Total",
"C18120_002E","Estimate!!Total!!In the labor force",
"C18120_002M","Margin of Error!!Total!!In the labor force",
"C18120_003E","Estimate!!Total!!In the labor force!!Employed",
"C18120_003M","Margin of Error!!Total!!In the labor force!!Employed",
"C18120_004E","Estimate!!Total!!In the labor force!!Employed!!With a disability",
"C18120_004M","Margin of Error!!Total!!In the labor force!!Employed!!With a disability",
"C18120_005E","Estimate!!Total!!In the labor force!!Employed!!No disability",
"C18120_005M","Margin of Error!!Total!!In the labor force!!Employed!!No disability",
"C18120_006E","Estimate!!Total!!In the labor force!!Unemployed",
"C18120_006M","Margin of Error!!Total!!In the labor force!!Unemployed",
"C18120_007E","Estimate!!Total!!In the labor force!!Unemployed!!With a disability",
"C18120_007M","Margin of Error!!Total!!In the labor force!!Unemployed!!With a disability",
"C18120_008E","Estimate!!Total!!In the labor force!!Unemployed!!No disability",
"C18120_008M","Margin of Error!!Total!!In the labor force!!Unemployed!!No disability",
"C18120_009E","Estimate!!Total!!Not in labor force",
"C18120_009M","Margin of Error!!Total!!Not in labor force",
"C18120_010E","Estimate!!Total!!Not in labor force!!With a disability",
"C18120_010M","Margin of Error!!Total!!Not in labor force!!With a disability",
"C18120_011E","Estimate!!Total!!Not in labor force!!No disability",
"C18120_011M","Margin of Error!!Total!!Not in labor force!!No disability",
