"GEO_ID","id",
"NAME","Geographic Area Name",
"B18135_001E","Estimate!!Total",
"B18135_001M","Margin of Error!!Total",
"B18135_002E","Estimate!!Total!!Under 19 years",
"B18135_002M","Margin of Error!!Total!!Under 19 years",
"B18135_003E","Estimate!!Total!!Under 19 years!!With a disability",
"B18135_003M","Margin of Error!!Total!!Under 19 years!!With a disability",
"B18135_004E","Estimate!!Total!!Under 19 years!!With a disability!!With health insurance coverage",
"B18135_004M","Margin of Error!!Total!!Under 19 years!!With a disability!!With health insurance coverage",
"B18135_005E","Estimate!!Total!!Under 19 years!!With a disability!!With health insurance coverage!!With private health insurance coverage",
"B18135_005M","Margin of Error!!Total!!Under 19 years!!With a disability!!With health insurance coverage!!With private health insurance coverage",
"B18135_006E","Estimate!!Total!!Under 19 years!!With a disability!!With health insurance coverage!!With public health coverage",
"B18135_006M","Margin of Error!!Total!!Under 19 years!!With a disability!!With health insurance coverage!!With public health coverage",
"B18135_007E","Estimate!!Total!!Under 19 years!!With a disability!!No health insurance coverage",
"B18135_007M","Margin of Error!!Total!!Under 19 years!!With a disability!!No health insurance coverage",
"B18135_008E","Estimate!!Total!!Under 19 years!!No disability",
"B18135_008M","Margin of Error!!Total!!Under 19 years!!No disability",
"B18135_009E","Estimate!!Total!!Under 19 years!!No disability!!With health insurance coverage",
"B18135_009M","Margin of Error!!Total!!Under 19 years!!No disability!!With health insurance coverage",
"B18135_010E","Estimate!!Total!!Under 19 years!!No disability!!With health insurance coverage!!With private health insurance coverage",
"B18135_010M","Margin of Error!!Total!!Under 19 years!!No disability!!With health insurance coverage!!With private health insurance coverage",
"B18135_011E","Estimate!!Total!!Under 19 years!!No disability!!With health insurance coverage!!With public health coverage",
"B18135_011M","Margin of Error!!Total!!Under 19 years!!No disability!!With health insurance coverage!!With public health coverage",
"B18135_012E","Estimate!!Total!!Under 19 years!!No disability!!No health insurance coverage",
"B18135_012M","Margin of Error!!Total!!Under 19 years!!No disability!!No health insurance coverage",
"B18135_013E","Estimate!!Total!!19 to 64 years",
"B18135_013M","Margin of Error!!Total!!19 to 64 years",
"B18135_014E","Estimate!!Total!!19 to 64 years!!With a disability",
"B18135_014M","Margin of Error!!Total!!19 to 64 years!!With a disability",
"B18135_015E","Estimate!!Total!!19 to 64 years!!With a disability!!With health insurance coverage",
"B18135_015M","Margin of Error!!Total!!19 to 64 years!!With a disability!!With health insurance coverage",
"B18135_016E","Estimate!!Total!!19 to 64 years!!With a disability!!With health insurance coverage!!With private health insurance coverage",
"B18135_016M","Margin of Error!!Total!!19 to 64 years!!With a disability!!With health insurance coverage!!With private health insurance coverage",
"B18135_017E","Estimate!!Total!!19 to 64 years!!With a disability!!With health insurance coverage!!With public health coverage",
"B18135_017M","Margin of Error!!Total!!19 to 64 years!!With a disability!!With health insurance coverage!!With public health coverage",
"B18135_018E","Estimate!!Total!!19 to 64 years!!With a disability!!No health insurance coverage",
"B18135_018M","Margin of Error!!Total!!19 to 64 years!!With a disability!!No health insurance coverage",
"B18135_019E","Estimate!!Total!!19 to 64 years!!No disability",
"B18135_019M","Margin of Error!!Total!!19 to 64 years!!No disability",
"B18135_020E","Estimate!!Total!!19 to 64 years!!No disability!!With health insurance coverage",
"B18135_020M","Margin of Error!!Total!!19 to 64 years!!No disability!!With health insurance coverage",
"B18135_021E","Estimate!!Total!!19 to 64 years!!No disability!!With health insurance coverage!!With private health insurance coverage",
"B18135_021M","Margin of Error!!Total!!19 to 64 years!!No disability!!With health insurance coverage!!With private health insurance coverage",
"B18135_022E","Estimate!!Total!!19 to 64 years!!No disability!!With health insurance coverage!!With public health coverage",
"B18135_022M","Margin of Error!!Total!!19 to 64 years!!No disability!!With health insurance coverage!!With public health coverage",
"B18135_023E","Estimate!!Total!!19 to 64 years!!No disability!!No health insurance coverage",
"B18135_023M","Margin of Error!!Total!!19 to 64 years!!No disability!!No health insurance coverage",
"B18135_024E","Estimate!!Total!!65 years and over",
"B18135_024M","Margin of Error!!Total!!65 years and over",
"B18135_025E","Estimate!!Total!!65 years and over!!With a disability",
"B18135_025M","Margin of Error!!Total!!65 years and over!!With a disability",
"B18135_026E","Estimate!!Total!!65 years and over!!With a disability!!With health insurance coverage",
"B18135_026M","Margin of Error!!Total!!65 years and over!!With a disability!!With health insurance coverage",
"B18135_027E","Estimate!!Total!!65 years and over!!With a disability!!With health insurance coverage!!With private health insurance coverage",
"B18135_027M","Margin of Error!!Total!!65 years and over!!With a disability!!With health insurance coverage!!With private health insurance coverage",
"B18135_028E","Estimate!!Total!!65 years and over!!With a disability!!With health insurance coverage!!With public health coverage",
"B18135_028M","Margin of Error!!Total!!65 years and over!!With a disability!!With health insurance coverage!!With public health coverage",
"B18135_029E","Estimate!!Total!!65 years and over!!With a disability!!No health insurance coverage",
"B18135_029M","Margin of Error!!Total!!65 years and over!!With a disability!!No health insurance coverage",
"B18135_030E","Estimate!!Total!!65 years and over!!No disability",
"B18135_030M","Margin of Error!!Total!!65 years and over!!No disability",
"B18135_031E","Estimate!!Total!!65 years and over!!No disability!!With health insurance coverage",
"B18135_031M","Margin of Error!!Total!!65 years and over!!No disability!!With health insurance coverage",
"B18135_032E","Estimate!!Total!!65 years and over!!No disability!!With health insurance coverage!!With private health insurance coverage",
"B18135_032M","Margin of Error!!Total!!65 years and over!!No disability!!With health insurance coverage!!With private health insurance coverage",
"B18135_033E","Estimate!!Total!!65 years and over!!No disability!!With health insurance coverage!!With public health coverage",
"B18135_033M","Margin of Error!!Total!!65 years and over!!No disability!!With health insurance coverage!!With public health coverage",
"B18135_034E","Estimate!!Total!!65 years and over!!No disability!!No health insurance coverage",
"B18135_034M","Margin of Error!!Total!!65 years and over!!No disability!!No health insurance coverage",
