"GEO_ID","id",
"NAME","Geographic Area Name",
"B18140_001E","Estimate!!Total",
"B18140_001M","Margin of Error!!Total",
"B18140_002E","Estimate!!Total!!With a disability",
"B18140_002M","Margin of Error!!Total!!With a disability",
"B18140_003E","Estimate!!Total!!With a disability!!Male",
"B18140_003M","Margin of Error!!Total!!With a disability!!Male",
"B18140_004E","Estimate!!Total!!With a disability!!Female",
"B18140_004M","Margin of Error!!Total!!With a disability!!Female",
"B18140_005E","Estimate!!Total!!No disability",
"B18140_005M","Margin of Error!!Total!!No disability",
"B18140_006E","Estimate!!Total!!No disability!!Male",
"B18140_006M","Margin of Error!!Total!!No disability!!Male",
"B18140_007E","Estimate!!Total!!No disability!!Female",
"B18140_007M","Margin of Error!!Total!!No disability!!Female",
