"GEO_ID","NAME","B25091_001E","B25091_001M","B25091_002E","B25091_002M","B25091_003E","B25091_003M","B25091_004E","B25091_004M","B25091_005E","B25091_005M","B25091_006E","B25091_006M","B25091_007E","B25091_007M","B25091_008E","B25091_008M","B25091_009E","B25091_009M","B25091_010E","B25091_010M","B25091_011E","B25091_011M","B25091_012E","B25091_012M","B25091_013E","B25091_013M","B25091_014E","B25091_014M","B25091_015E","B25091_015M","B25091_016E","B25091_016M","B25091_017E","B25091_017M","B25091_018E","B25091_018M","B25091_019E","B25091_019M","B25091_020E","B25091_020M","B25091_021E","B25091_021M","B25091_022E","B25091_022M","B25091_023E","B25091_023M"
"id","Geographic Area Name","Estimate!!Total","Margin of Error!!Total","Estimate!!Total!!Housing units with a mortgage","Margin of Error!!Total!!Housing units with a mortgage","Estimate!!Total!!Housing units with a mortgage!!Less than 10.0 percent","Margin of Error!!Total!!Housing units with a mortgage!!Less than 10.0 percent","Estimate!!Total!!Housing units with a mortgage!!10.0 to 14.9 percent","Margin of Error!!Total!!Housing units with a mortgage!!10.0 to 14.9 percent","Estimate!!Total!!Housing units with a mortgage!!15.0 to 19.9 percent","Margin of Error!!Total!!Housing units with a mortgage!!15.0 to 19.9 percent","Estimate!!Total!!Housing units with a mortgage!!20.0 to 24.9 percent","Margin of Error!!Total!!Housing units with a mortgage!!20.0 to 24.9 percent","Estimate!!Total!!Housing units with a mortgage!!25.0 to 29.9 percent","Margin of Error!!Total!!Housing units with a mortgage!!25.0 to 29.9 percent","Estimate!!Total!!Housing units with a mortgage!!30.0 to 34.9 percent","Margin of Error!!Total!!Housing units with a mortgage!!30.0 to 34.9 percent","Estimate!!Total!!Housing units with a mortgage!!35.0 to 39.9 percent","Margin of Error!!Total!!Housing units with a mortgage!!35.0 to 39.9 percent","Estimate!!Total!!Housing units with a mortgage!!40.0 to 49.9 percent","Margin of Error!!Total!!Housing units with a mortgage!!40.0 to 49.9 percent","Estimate!!Total!!Housing units with a mortgage!!50.0 percent or more","Margin of Error!!Total!!Housing units with a mortgage!!50.0 percent or more","Estimate!!Total!!Housing units with a mortgage!!Not computed","Margin of Error!!Total!!Housing units with a mortgage!!Not computed","Estimate!!Total!!Housing units without a mortgage","Margin of Error!!Total!!Housing units without a mortgage","Estimate!!Total!!Housing units without a mortgage!!Less than 10.0 percent","Margin of Error!!Total!!Housing units without a mortgage!!Less than 10.0 percent","Estimate!!Total!!Housing units without a mortgage!!10.0 to 14.9 percent","Margin of Error!!Total!!Housing units without a mortgage!!10.0 to 14.9 percent","Estimate!!Total!!Housing units without a mortgage!!15.0 to 19.9 percent","Margin of Error!!Total!!Housing units without a mortgage!!15.0 to 19.9 percent","Estimate!!Total!!Housing units without a mortgage!!20.0 to 24.9 percent","Margin of Error!!Total!!Housing units without a mortgage!!20.0 to 24.9 percent","Estimate!!Total!!Housing units without a mortgage!!25.0 to 29.9 percent","Margin of Error!!Total!!Housing units without a mortgage!!25.0 to 29.9 percent","Estimate!!Total!!Housing units without a mortgage!!30.0 to 34.9 percent","Margin of Error!!Total!!Housing units without a mortgage!!30.0 to 34.9 percent","Estimate!!Total!!Housing units without a mortgage!!35.0 to 39.9 percent","Margin of Error!!Total!!Housing units without a mortgage!!35.0 to 39.9 percent","Estimate!!Total!!Housing units without a mortgage!!40.0 to 49.9 percent","Margin of Error!!Total!!Housing units without a mortgage!!40.0 to 49.9 percent","Estimate!!Total!!Housing units without a mortgage!!50.0 percent or more","Margin of Error!!Total!!Housing units without a mortgage!!50.0 percent or more","Estimate!!Total!!Housing units without a mortgage!!Not computed","Margin of Error!!Total!!Housing units without a mortgage!!Not computed"
"0400000US27","Minnesota","1551290","7535","1034568","5637","78381","1644","199403","2572","237700","2918","173439","2318","109378","1908","65960","1291","40988","1085","45645","1140","80696","1562","2978","345","516722","3699","241038","2617","100800","1557","56718","1197","33819","1002","19890","664","13861","546","9672","465","11714","527","24905","814","4305","339"
"0400000US28","Mississippi","754018","5147","374676","4452","31599","1390","70778","1936","77680","2083","53590","1769","35296","1422","23697","1222","16831","956","19289","1061","42845","1630","3071","420","379342","3530","173022","2861","70166","1615","40899","1491","24951","1241","16099","881","10706","689","7868","671","8863","629","19137","948","7631","629"
"0400000US29","Missouri","1601845","8786","992529","6551","81854","1736","202119","3036","227292","3233","154728","2672","95611","2040","60268","1472","38602","1331","45920","1477","81729","1765","4406","476","609316","4407","270328","3405","125388","2151","69160","1342","41342","1356","25377","799","16548","753","11459","723","13689","638","28070","991","7955","556"
"0400000US30","Montana","286553","2349","162315","2343","11911","744","25954","967","31173","1091","26085","1065","19001","883","11439","569","7892","551","9684","714","18393","813","783","173","124238","1740","57831","1145","23859","812","13512","615","7715","535","4767","394","3329","325","2246","270","2982","338","6766","458","1231","192"
"0400000US31","Nebraska","498567","3369","303343","2864","24128","856","61369","1478","72384","1403","50348","1411","31207","1126","18416","798","11359","676","11912","603","21225","818","995","203","195224","1938","84043","1260","40824","1026","23744","821","12865","588","8418","497","5745","411","3715","343","4673","323","9363","573","1834","241"
"0400000US32","Nevada","600520","4591","409424","3899","29664","1167","64301","1936","78868","2023","63961","1862","45575","1315","30927","1234","21287","1000","24474","1064","47819","1398","2548","336","191096","2541","99693","1823","32064","1095","17653","721","11392","710","6367","514","4413","402","3204","369","4235","417","9068","552","3007","329"
"0400000US33","New Hampshire","374758","2713","248258","2383","13178","644","33949","1331","50551","1437","46668","1142","31354","1240","20081","812","12751","644","14631","736","24413","990","682","208","126500","1741","36030","1121","26863","937","17260","737","11535","591","8636","499","5541","492","4259","381","4850","415","10541","540","985","213"
"0400000US34","New Jersey","2054413","10703","1383992","7968","67324","1775","162691","3020","241825","3683","228188","3470","170651","2943","119695","2341","79711","1770","98425","1893","209720","2289","5762","561","670421","5827","167667","2852","131151","2186","89209","2033","61267","1600","43702","1234","32322","1138","23970","984","33653","985","80979","2097","6501","498"
"0400000US35","New Mexico","524242","3787","287148","2959","22427","970","49628","1303","54181","1511","41661","1386","28898","1065","20217","852","13743","788","15786","769","37594","1449","3013","473","237094","2878","119859","2457","39610","1377","23579","1066","13676","766","8616","670","5361","477","4079","406","5226","410","11059","721","6029","507"
"0400000US36","New York","3943356","19567","2418813","13672","178277","2708","357352","4382","422117","5130","357471","4545","259790","3335","180984","2981","128041","2356","156526","2404","367249","4076","11006","752","1524543","9179","536749","5660","283047","3544","183228","2117","118860","2015","81610","2211","59838","1631","43418","1213","57113","1530","143176","1896","17504","895"
"0400000US37","North Carolina","2548705","14468","1617213","11124","139661","2544","313158","4307","335160","4669","241857","3579","159643","3127","102654","2426","68119","2029","83549","1678","164103","2817","9309","734","931492","5667","429470","4730","175321","2304","102133","1943","60835","1732","40005","1537","26674","1022","16787","998","21011","975","45158","1398","14098","746"
"0400000US38","North Dakota","197347","2158","104979","1866","11999","688","23612","953","24275","963","16677","726","10497","725","5598","495","3089","353","3386","389","5573","421","273","121","92368","1421","51753","1161","15502","619","8175","451","4678","412","2924","267","1658","192","1150","169","1658","216","3968","376","902","187"
"0400000US39","Ohio","3071227","15859","1944435","12024","167338","2687","406958","4944","435675","5092","305470","3640","186323","2957","115045","2290","73667","1751","86909","1941","160022","2637","7028","488","1126792","7231","475720","4945","234812","2604","136481","2001","80577","1819","48884","1355","33707","1167","21875","1020","25754","1128","55831","1669","13151","696"
"0400000US40","Oklahoma","967038","3965","534586","3636","49452","1448","109285","1649","115199","1766","81621","1331","50613","1298","32345","981","21455","819","24341","970","47540","1173","2735","269","432452","3068","208209","2010","85524","1615","46109","1001","26228","814","16172","590","11080","513","7012","371","9100","485","17349","650","5669","337"
"0400000US41","Oregon","985523","5720","652774","4973","38883","1313","92151","2156","127170","2454","108777","2186","78957","1674","52752","1497","33844","1421","40784","1096","76841","1809","2615","327","332749","3279","138461","2076","64059","1559","37884","1091","23978","1120","15317","654","10518","700","8120","591","9306","625","20984","1043","4122","404"
"0400000US42","Pennsylvania","3467467","14310","2094765","10582","169419","2322","382097","3753","438812","4283","333308","4197","218852","2620","138663","2210","89060","1710","106590","1918","209034","3125","8930","632","1372702","7229","526207","4593","275653","3381","168144","2320","107117","2186","70410","1457","48307","1318","33854","978","42029","1122","85539","1626","15442","625"
"0400000US44","Rhode Island","247565","2267","170955","2000","9684","671","23801","1068","32473","1138","28184","1187","20644","1099","13740","799","9209","603","10905","684","21917","993","398","146","76610","1365","25110","938","14859","777","9648","540","6360","463","4820","396","3247","376","2475","277","2789","296","6541","532","761","197"
"0400000US45","South Carolina","1305349","7789","762745","6344","66435","2028","144868","2752","158374","2907","111511","2656","73216","1766","49388","1442","31586","1269","40585","1455","82075","2012","4707","472","542604","4545","257829","3368","101581","2167","56898","1553","32463","1079","20007","1016","14669","929","9556","628","11512","787","27214","1269","10875","814"
"0400000US46","South Dakota","232636","1851","128765","1754","10067","604","25209","1010","30270","1076","21563","782","13893","686","8069","509","4869","441","5795","442","8674","556","356","97","103871","1267","48606","1039","20838","669","12186","650","5764","445","4243","346","2612","256","1731","212","2423","250","4228","341","1240","179"
"0400000US47","Tennessee","1701159","10459","1012457","7989","80786","1713","191725","3526","216652","3335","155802","2648","103023","2295","65399","1674","41538","1329","51833","1580","99560","2160","6139","557","688702","4975","337232","3752","131077","2529","71263","1491","42483","1254","26541","974","17086","882","10979","646","13865","794","28375","1182","9801","667"
"0400000US48","Texas","5917771","29037","3421912","17587","253014","4035","614728","6149","719729","7080","551971","5969","358139","4632","230757","3149","153656","3180","182544","3367","339888","3699","17486","968","2495859","15713","1088459","10718","507694","5599","281751","3370","166580","3051","106531","2027","72250","1776","47375","1816","60721","1683","131133","2483","33365","1029"
"0400000US49","Utah","668985","3512","472593","2926","33672","1195","78854","1510","103103","2117","85093","1787","56284","1555","33785","1003","21280","929","22626","946","36349","1142","1547","270","196392","2543","115419","2197","33338","884","15587","744","9165","609","5402","423","3196","324","2302","297","2856","337","7173","493","1954","287"
"0400000US50","Vermont","183570","1384","115541","1542","5599","412","15307","675","23200","838","19867","653","13475","600","9521","626","6241","427","7463","433","14628","651","240","78","68029","975","18760","632","13834","535","9605","473","6524","421","3793","296","2925","243","2259","273","3097","288","6626","409","606","119"
"0400000US51","Virginia","2070879","11132","1430890","8285","102615","1983","236739","3341","298575","3991","240381","3062","161788","2756","104551","1962","67337","1511","74190","1975","139069","2540","5645","506","639989","4876","314568","3569","119091","2306","64772","1515","38203","1329","23873","984","16000","928","11537","760","13787","702","30125","1291","8033","596"
"0400000US54","West Virginia","535880","3642","250005","3144","30512","1066","57540","1515","52369","1442","33146","1189","21047","979","13586","730","8902","636","11343","621","20269","961","1291","261","285875","2474","146817","1875","52824","1516","29037","1171","16389","791","10831","834","6376","412","4125","454","5271","482","10209","645","3996","408"
"0400000US53","Washington","1756552","8776","1207408","7087","72610","1583","174667","2720","240855","3436","209766","3314","148341","2390","95032","1796","62337","1500","72900","1803","125876","2441","5024","482","549144","4565","242445","3266","108438","2208","62579","1665","36198","1111","22436","844","15299","799","11089","757","12819","618","31075","1090","6766","634"
"0400000US55","Wisconsin","1568040","8417","1008935","6158","66141","1255","184477","2284","230913","2470","173099","2381","107815","2070","65829","1172","42091","1146","48177","1165","87270","1524","3123","302","559105","3877","210905","2290","122081","1608","70897","1375","43969","1073","28177","754","18250","649","13404","589","15284","600","30979","825","5159","364"
"0400000US56","Wyoming","160121","1571","93013","1367","7368","637","16982","854","20748","935","15551","876","9944","612","6160","602","3872","484","4251","465","7820","558","317","128","67108","1387","34428","985","12568","649","6347","435","3859","400","2020","312","1367","228","970","204","1633","284","3228","395","688","140"
"0400000US72","Puerto Rico","820405","4468","323088","3204","10975","772","33477","1297","47750","1418","47788","1525","37064","1307","28924","1248","20646","946","27890","1012","63214","1688","5360","514","497317","3276","244568","2972","84372","1724","45588","1560","26006","1106","17029","851","10971","704","7387","639","9228","541","26876","1236","25292","1024"
"0400000US01","Alabama","1275223","8217","722643","6215","67815","1546","149453","3277","153512","2705","102635","2445","65051","1852","42134","1404","28790","1262","35051","1321","72930","1809","5272","614","552580","4326","269255","3044","102980","2156","55105","1557","33777","1141","21534","917","13592","663","9434","624","11502","706","24849","1052","10552","603"
"0400000US02","Alaska","162172","1733","104091","1543","6674","483","16407","891","21349","987","18283","818","11992","644","8108","660","5555","527","5675","487","9818","633","230","82","58081","1251","28351","968","10832","587","5935","410","3230","340","2207","298","1576","256","1185","239","1169","209","3197","283","399","94"
"0400000US04","Arizona","1606065","8371","1031561","6809","83174","1843","177019","2825","207100","3598","159313","2960","104763","2520","70044","1675","44917","1503","59508","1690","117215","2474","8508","819","574504","4582","285357","3514","100624","2031","58853","1808","32480","1142","20544","916","13848","858","9670","726","11849","619","28686","1045","12593","671"
"0400000US05","Arkansas","756431","4913","415474","4105","42330","1452","92372","2375","89417","2130","57120","1765","37652","1413","22742","1079","15950","890","18713","951","36865","1356","2313","369","340957","3852","168927","2809","63608","1572","35945","1151","20710","971","12874","722","7981","535","5324","395","6240","524","14472","812","4876","458"
"0400000US06","California","7085435","38161","5022699","25583","266194","3206","574946","6443","816083","8067","775888","7966","617424","6629","443412","4513","311752","3833","381001","4459","808458","5182","27541","1271","2062736","15476","947062","9724","353259","4210","204223","3054","130653","2145","89008","2047","61427","1513","44945","1358","58556","1590","144649","2304","28954","1072"
"0400000US08","Colorado","1371145","7578","983251","5759","70342","1494","164119","2423","207748","3178","159386","2404","107913","2252","70263","1787","45449","1480","53103","1542","100759","1881","4169","479","387894","3659","204045","2870","67334","1470","35405","1153","20039","878","13202","751","9000","491","6702","581","8025","497","19327","877","4815","406"
"0400000US09","Connecticut","907134","4800","621120","4454","38112","1298","88477","1844","119640","2195","104301","1804","71588","1907","46343","1371","33186","1049","38553","1445","78832","1816","2088","288","286014","3046","84903","1735","57216","1363","36898","1281","24768","972","17319","838","12548","697","9295","538","13204","635","27071","916","2792","320"
"0400000US10","Delaware","254308","1711","167225","2015","13304","733","28051","1008","33321","1117","26423","1097","16216","810","12293","704","7684","654","9373","626","19487","988","1073","242","87083","1260","42739","1079","15075","742","8583","551","5528","474","3012","344","2299","286","1469","274","2183","289","4903","488","1292","256"
"0400000US11","District of Columbia","117571","1429","88908","1563","8791","652","14450","726","18278","811","13960","778","9643","587","5718","448","3575","376","3904","391","10149","554","440","140","28663","998","14512","834","4787","371","2455","336","1520","249","914","188","634","161","493","119","687","189","2122","310","539","180"
"0400000US12","Florida","4954601","29239","2835760","20873","187505","3140","411461","6003","514752","7104","428807","6203","302448","4501","213588","3651","148384","3060","189619","3589","415345","4883","23851","1328","2118841","12753","858862","8091","395746","4321","238307","3777","151165","2467","98425","2431","69836","1762","49210","1542","63725","1929","149896","2175","43669","1475"
"0400000US13","Georgia","2339981","12955","1533925","9739","130091","2938","290283","4355","317911","4734","228549","3225","149235","2947","95600","2362","67296","2054","77928","2010","166437","2971","10595","747","806056","6185","382480","4985","148403","2615","84340","1761","49274","1240","31319","1228","20609","1061","15124","903","17974","949","41039","1319","15494","966"
"0400000US16","Idaho","428300","3287","277498","3445","21376","1126","48576","1519","57350","1596","43816","1401","30262","1441","19466","1122","12409","900","14479","880","27027","1180","2737","530","150802","2769","79155","2023","27789","1002","14343","745","8649","683","4974","453","3274","345","2535","303","2780","326","5696","544","1607","272"
"0400000US15","Hawaii","266362","2398","174326","2306","11060","604","20208","797","25440","820","27221","1107","21739","920","16001","800","11166","663","13576","754","26863","1092","1052","215","92036","1763","49492","1316","14116","675","7939","566","5708","504","2894","323","1848","249","1599","262","1864","231","5151","419","1425","205"
"0400000US17","Illinois","3189035","15471","2034106","11735","137339","2300","346940","4077","415226","4797","327704","4548","218065","3014","140650","2165","93417","1870","114041","2254","231242","2755","9482","640","1154929","7199","427000","4244","240724","3075","139973","2123","89121","1898","59174","1365","39899","1273","27886","975","35405","1188","80820","1625","14927","785"
"0400000US18","Indiana","1760732","10080","1158794","7432","119190","1842","271317","3552","258621","3716","170384","2630","99905","1860","62303","1668","39262","1138","47700","1466","85385","1806","4727","467","601938","5412","298044","3762","117906","2059","62563","1730","34771","1068","21154","911","14074","591","9467","697","10710","662","26003","1031","7246","522"
"0400000US19","Iowa","894152","5490","542373","4040","48053","1147","120536","2311","129052","2387","85966","1609","49218","1277","31247","901","18992","866","20085","732","37354","1220","1870","278","351779","3113","155037","2236","74102","1362","41415","1115","24406","819","14827","662","9783","514","6371","403","7550","459","15087","647","3201","332"
"0400000US20","Kansas","745845","5377","445487","3786","34404","1092","90556","1833","104100","1727","74347","1484","45302","1305","27509","1016","16675","806","18600","905","32178","1125","1816","255","300358","3064","128948","2055","63283","1202","35020","1040","20260","680","12653","548","8411","468","6119","475","7219","495","14451","694","3994","414"
"0400000US21","Kentucky","1157631","7335","673651","5571","60728","1656","144090","2397","148506","2723","100640","2097","59159","1811","39196","1221","25905","957","30486","1196","61323","1426","3618","380","483980","4335","226917","2902","94397","1951","52747","1355","29320","995","18892","787","12193","606","8607","647","10093","608","22880","990","7934","626"
"0400000US22","Louisiana","1133084","7564","597222","5425","63584","1740","120001","2650","116502","2648","82017","2358","55210","1682","36075","1420","24073","1226","31439","1340","64072","1808","4249","446","535862","5060","279538","3969","92849","2067","50613","1450","29392","1288","19152","1038","11632","716","8364","629","10138","635","24982","1083","9202","650"
"0400000US23","Maine","402119","2429","249814","2474","18201","699","41503","1159","50970","1432","40981","1207","27110","1160","17753","663","11508","738","14132","711","26743","1084","913","185","152305","1685","57892","1279","30222","999","19175","859","12458","627","8068","512","5358","394","3774","336","5101","395","8915","554","1342","186"
"0400000US24","Maryland","1463941","8019","1072008","6945","72779","1610","170818","2777","218135","3665","180378","3053","120685","2107","80450","1485","50557","1434","58601","1634","115335","1906","4270","432","391933","3393","182262","2315","71682","1492","40119","1392","25130","919","16166","752","10494","688","7995","595","10049","592","23942","1011","4094","383"
"0400000US25","Massachusetts","1621053","7613","1126604","6514","72893","1767","163507","2970","221939","3051","190604","2974","128799","2498","85913","1920","56862","1612","67041","1795","135187","2385","3859","424","494449","4179","167230","2535","92415","1789","61346","1603","41288","1317","28762","1004","20599","933","13994","845","19967","858","43496","1156","5352","501"
"0400000US26","Michigan","2777114","12410","1681021","8876","142771","2063","346968","3436","367882","4098","253387","3108","161049","2256","101547","1825","66531","1518","78040","1708","155802","1976","7044","522","1096093","6158","438800","3998","222081","2438","130356","2342","79284","1642","52021","1253","34355","1125","24253","900","30958","1105","67663","1612","16322","685"
"0100000US","United States","76444810","367132","48198598","238177","3570708","20822","8211760","58645","9710157","71392","7581893","51813","5129683","26159","3382913","16756","2253252","11822","2701111","10726","5412997","15641","244124","4071","28246212","132615","12233466","78541","5424296","26987","3146116","14408","1921723","10448","1244963","8103","848155","6573","594305","5590","748861","5963","1688096","9775","396231","3977"
"1600000US0107000","Birmingham city, Alabama","41164","1039","23768","873","1477","228","3794","430","4143","413","3302","344","2183","309","1493","267","1360","241","1779","284","4084","459","153","77","17396","677","7054","506","3111","331","2060","258","1352","228","938","165","511","139","461","153","449","131","1123","196","337","123"
"1600000US0151000","Montgomery city, Alabama","43866","915","29058","780","2726","287","5709","534","6289","497","4326","365","2629","365","1860","324","1303","229","1323","230","2593","335","300","137","14808","699","7655","405","2506","313","1278","222","627","142","614","158","562","151","295","109","325","116","673","140","273","106"
"1600000US0203000","Anchorage municipality, Alaska","64827","1124","46064","1039","2737","331","6867","585","9685","692","8474","608","5492","531","3907","495","2405","423","2676","390","3796","390","25","30","18763","744","8558","566","3724","333","2049","272","1147","242","716","246","552","184","517","171","462","148","938","189","100","49"
"1600000US0455000","Phoenix city, Arizona","298377","2991","214078","2731","17448","843","38242","1371","41280","1271","32391","1230","22309","1169","15318","831","9610","686","12291","869","23595","1025","1594","268","84299","1739","40834","1040","14823","802","8609","639","5249","440","3431","409","1780","284","1656","262","1997","297","4450","409","1470","272"
"1600000US0477000","Tucson city, Arizona","105368","1509","67601","1368","4739","378","11377","646","13221","704","10601","694","6859","544","4487","462","3121","328","4334","436","8345","652","517","158","37767","1078","17031","695","7025","502","4260","411","2558","327","1589","284","1073","193","770","157","896","198","1992","250","573","143"
"1600000US0541000","Little Rock city, Arkansas","45620","1102","29993","1031","3524","411","5994","495","5603","483","4459","535","2645","365","1923","334","1315","289","1280","275","3056","393","194","122","15627","752","7384","464","2555","342","1497","274","1114","209","729","209","424","141","339","111","252","84","1116","250","217","112"
"1600000US0627000","Fresno city, California","77327","1297","54750","1256","3579","370","7273","616","10048","676","8966","707","6869","522","3975","491","3020","357","3551","357","7286","561","183","85","22577","943","11060","709","3903","389","2224","325","1588","268","857","179","618","154","375","107","571","147","1118","188","263","142"
"1600000US0653000","Oakland city, California","65178","1054","48189","950","2653","262","5871","376","7481","479","7675","520","5457","375","4199","438","2981","301","3314","355","8380","496","178","74","16989","684","7045","392","2940","322","2078","288","1117","245","700","145","517","123","289","100","612","171","1459","325","232","70"
"1600000US0662000","Riverside city, California","49031","1183","36491","1044","1942","240","4464","483","6658","556","5955","436","4732","455","3378","365","2305","348","2480","336","4389","406","188","80","12540","561","6620","417","1980","239","1055","173","626","146","512","149","299","103","298","82","336","131","666","147","148","68"
"1600000US0664000","Sacramento city, California","87801","1455","61637","1210","3620","371","8461","475","10759","530","9889","658","7592","625","4895","483","3563","338","4232","436","8306","528","320","123","26164","887","12811","672","4659","373","2372","306","1795","234","1046","187","707","179","370","110","654","130","1355","215","395","122"
"1600000US0667000","San Francisco city, California","135275","1887","89626","1722","7462","572","10885","690","14232","741","12109","742","10543","742","6678","550","5033","489","6850","463","15413","674","421","150","45649","1166","23052","784","7447","536","4321","477","2224","313","1852","332","1328","262","678","213","1220","238","2959","371","568","149"
"1600000US0669070","Santa Barbara city, California","15090","666","10048","573","493","162","1186","230","1421","248","1823","316","1094","193","634","172","695","150","784","199","1872","278","46","44","5042","421","1980","340","993","172","434","143","296","154","148","76","153","87","148","66","164","122","671","211","55","43"
"1600000US0820000","Denver city, Colorado","146083","1999","108436","1862","9004","647","19187","748","22714","938","16791","834","10708","636","7776","614","5085","437","5732","485","11114","662","325","111","37647","1054","19274","816","6446","496","3341","379","2111","286","1228","200","910","206","842","215","810","192","2080","271","605","175"
"1600000US1150000","Washington city, District of Columbia","117571","1429","88908","1563","8791","652","14450","726","18278","811","13960","778","9643","587","5718","448","3575","376","3904","391","10149","554","440","140","28663","998","14512","834","4787","371","2455","336","1520","249","914","188","634","161","493","119","687","189","2122","310","539","180"
"1600000US1263000","St. Petersburg city, Florida","63027","1119","37672","1018","2353","271","6077","471","7003","481","5648","448","3983","389","2763","282","1927","256","2533","322","5168","479","217","88","25355","861","10587","622","4722","434","2706","303","1729","261","1141","208","943","186","490","114","714","161","1835","257","488","123"
"1600000US1271000","Tampa city, Florida","71368","1314","46639","1143","3592","399","7889","569","8787","569","7089","569","4634","404","3740","361","2009","327","2727","315","5941","398","231","86","24729","975","11163","650","4753","402","2802","321","1547","242","856","152","472","126","437","155","533","133","1744","269","422","120"
"1600000US1571550","Urban Honolulu CDP, Hawaii","57229","1293","32759","1012","1976","238","3533","367","4724","389","4746","401","3842","384","3121","329","2225","325","2740","327","5524","454","328","128","24470","786","10679","542","4269","339","2461","281","1810","283","1094","197","583","144","600","164","604","144","2041","289","329","99"
"1600000US1608830","Boise City city, Idaho","54187","1134","37774","1026","3854","409","7030","532","8425","585","5616","456","3698","395","2170","315","1516","319","1731","372","3212","435","522","192","16413","777","9022","636","2614","337","1491","260","921","189","567","169","265","82","198","83","400","125","725","181","210","81"
"1600000US1702154","Arlington Heights village, Illinois","23120","546","14481","500","793","201","2420","311","2724","265","2596","328","1715","251","967","201","669","173","786","169","1710","289","101","68","8639","456","2588","301","1836","304","1052","205","731","154","572","160","445","128","174","58","227","84","932","197","82","57"
"1600000US1714000","Chicago city, Illinois","474852","3640","318823","3365","19835","861","45783","1269","56238","1548","47138","1317","34106","1157","23669","1158","16525","933","21032","836","52380","1549","2117","291","156029","2011","49727","1314","28414","1092","18301","862","12456","774","9316","599","6794","569","5221","444","6460","484","16728","726","2612","325"
"1600000US1733695","Hazel Crest village, Illinois","3306","388","2580","335","103","87","319","138","486","191","514","169","147","82","269","154","138","81","161","79","424","136","19","31","726","208","266","124","121","73","55","54","134","136","15","26","59","60","6","9","0","17","70","59","0","17"
"1600000US1751622","Naperville city, Illinois","39356","698","28840","723","2036","252","4934","419","6540","429","4777","376","3348","351","1842","240","965","208","1668","247","2634","346","96","54","10516","551","4112","355","2049","223","1055","185","1050","232","689","190","508","153","247","76","161","68","563","143","82","71"
"1600000US1836003","Indianapolis city (balance), Indiana","178898","2050","124102","1890","11753","632","27495","1039","25080","932","17884","873","11937","769","7586","535","4398","394","6279","599","11005","712","685","161","54796","1435","25294","993","10479","600","5504","499","3304","382","2190","291","1566","237","1173","244","1298","239","3026","354","962","213"
"1600000US2205000","Baton Rouge city, Louisiana","41839","1103","23849","906","2474","302","4805","478","4774","535","2783","356","2047","307","1600","286","1230","273","1006","236","3014","382","116","60","17990","748","9695","566","2785","319","1583","222","856","191","608","163","488","170","333","134","494","176","727","182","421","149"
"1600000US2255000","New Orleans city, Louisiana","73037","1090","39884","898","2803","272","5205","395","6108","418","4930","349","4170","330","3095","263","2332","319","2806","290","8074","508","361","92","33153","786","11572","485","6053","380","3647","313","2573","350","1666","189","1522","208","996","170","1261","201","3161","297","702","152"
"1600000US2404000","Baltimore city, Maryland","112897","1752","77276","1613","5688","495","12313","678","14081","791","11071","696","7764","563","5754","465","3615","420","5003","473","11369","594","618","146","35621","1018","12573","616","6898","493","4313","388","2642","295","1824","277","1315","198","958","151","1366","189","3012","345","720","173"
"1600000US2622000","Detroit city, Michigan","123411","1673","42322","1090","3079","326","5887","560","6670","508","5394","425","4045","375","3408","340","2260","277","3176","325","7909","566","494","146","81089","1433","23213","875","15187","757","9919","598","6477","457","4946","408","3448","344","2277","232","3366","396","8985","622","3271","396"
"1600000US2646000","Lansing city, Michigan","24756","747","16275","716","1068","197","3392","347","3381","377","2369","264","1649","250","1231","239","704","152","628","153","1737","279","116","77","8481","431","2759","333","1972","265","1219","173","473","120","586","130","282","98","271","98","250","76","509","120","160","96"
"1600000US2743000","Minneapolis city, Minnesota","82273","1132","59947","1099","4874","413","11682","580","12943","699","9684","478","6043","440","3471","309","2378","272","2654","319","6014","462","204","79","22326","710","9032","493","4292","298","2538","276","1639","231","1081","168","648","159","440","107","753","153","1666","242","237","77"
"1600000US3050200","Missoula city, Montana","14883","716","9585","596","458","164","1410","235","1974","355","1630","336","1105","203","848","210","621","179","537","161","985","263","17","30","5298","527","2195","299","916","189","694","213","477","181","128","62","152","86","166","103","218","174","323","140","29","33"
"1600000US3240000","Las Vegas city, Nevada","118781","1860","83676","1829","6706","528","12642","705","15982","806","13220","854","8117","557","6181","504","4660","467","5083","441","10636","681","449","121","35105","946","18052","710","5898","445","3584","376","2146","271","986","187","698","165","618","161","707","146","1793","240","623","174"
"1600000US3502000","Albuquerque city, New Mexico","132859","1709","90269","1684","6739","549","15111","749","17928","974","14152","821","9276","651","6382","515","4173","407","4622","439","11200","827","686","210","42590","1167","21931","785","7154","540","4346","433","2217","272","1302","226","813","196","1046","236","873","182","2259","322","649","147"
"1600000US3702140","Asheville city, North Carolina","20197","747","12715","682","772","201","1829","298","2618","313","1986","327","1407","250","995","230","694","158","700","168","1667","325","47","44","7482","488","3137","343","1374","206","1073","239","563","157","469","153","284","108","71","52","88","57","363","127","60","47"
"1600000US3725580","Gastonia city, North Carolina","15837","553","10380","500","718","147","1745","213","2290","245","1528","220","1008","188","584","138","459","135","677","190","1287","168","84","50","5457","380","2198","227","1016","152","748","136","412","112","286","106","165","64","62","46","179","86","360","115","31","30"
"1600000US3728000","Greensboro city, North Carolina","58168","1148","41492","1036","3909","391","7875","487","7766","434","6081","509","4486","500","2752","492","1863","339","2297","360","4288","481","175","78","16676","754","8028","546","3095","365","1832","313","1050","202","696","159","350","132","230","87","423","145","748","157","224","108"
"1600000US3755000","Raleigh city, North Carolina","92746","1436","72798","1269","7322","547","15364","768","15371","708","11591","800","7655","671","4411","501","2323","418","3038","438","5517","577","206","97","19948","721","10906","647","3405","353","1954","253","1235","214","663","189","439","147","150","65","280","124","799","192","117","60"
"1600000US3918000","Columbus city, Ohio","157555","2178","115780","2039","7686","583","22072","1041","26571","1132","19015","986","12416","744","7269","551","5128","454","5291","567","10010","688","322","117","41775","1107","16763","754","9046","578","5119","471","3246","386","1783","232","1282","222","916","213","848","183","2295","343","477","145"
"1600000US4075000","Tulsa city, Oklahoma","83500","745","49462","829","5009","283","9859","457","9738","478","7230","330","4849","365","3121","274","2117","201","2317","212","5018","338","204","64","34038","762","15295","593","6482","326","3873","234","2217","215","1456","197","1155","179","700","122","745","116","1652","167","463","91"
"1600000US4159000","Portland city, Oregon","140318","1663","102894","1555","5896","513","14389","732","20584","917","17353","763","11674","585","8701","597","5228","552","6151","512","12465","781","453","145","37424","916","13748","596","7513","497","4258","387","2657","331","1669","230","1491","290","1088","198","1208","228","3249","312","543","135"
"1600000US4261000","Pittsburgh city, Pennsylvania","65158","1094","37401","929","4945","383","8110","435","7460","543","4962","367","3174","299","1709","240","1316","170","1631","204","3826","386","268","120","27757","815","10915","565","5639","365","3077","342","2114","245","1456","211","944","158","693","185","503","141","1995","317","421","128"
"1600000US4516000","Columbia city, South Carolina","21127","651","14209","602","1397","227","2910","315","2989","336","2309","268","1304","250","799","155","474","137","634","159","1287","213","106","60","6918","412","3531","348","1183","175","438","105","464","119","304","102","168","100","111","48","150","72","507","141","62","38"
"1600000US4748000","Memphis city, Tennessee","117728","2123","73500","1924","4928","364","11760","814","13091","817","10568","719","7794","721","5432","611","3411","452","4631","490","11254","644","631","181","44228","1460","17541","805","8895","697","4714","382","3331","335","2243","300","1206","239","1016","222","1378","261","2827","366","1077","244"
"1600000US4752006","Nashville-Davidson metropolitan government (balance), Tennessee","143957","1788","101800","1522","8298","479","17375","876","20249","1068","16522","815","10916","747","7137","584","4697","531","5746","628","10351","670","509","182","42157","1254","20225","832","7991","571","4660","418","2465","348","1552","234","1249","238","745","186","658","167","2187","326","425","138"
"1600000US4805000","Austin city, Texas","167206","2372","114663","2161","8042","533","18461","910","24307","1164","19171","833","13155","683","7811","659","5462","571","6425","601","11249","756","580","221","52543","1527","21384","1097","10571","705","5903","497","3536","373","2429","341","1550","274","1115","234","1486","259","3900","431","669","175"
"1600000US4835000","Houston city, Texas","364153","4118","200773","3232","18465","878","34721","1441","39037","1504","29335","1191","20104","1125","12693","772","9372","638","11662","888","24369","1011","1015","260","163380","2632","72615","2058","31542","1347","17045","885","10207","674","7211","605","4993","535","3347","382","4031","400","9679","608","2710","405"
"1600000US4967000","Salt Lake City city, Utah","37869","899","26077","680","2284","298","4557","435","5212","466","4762","506","2566","283","1738","287","1647","278","1227","217","2035","296","49","42","11792","666","6511","524","1796","263","960","178","582","126","553","143","332","121","66","42","205","87","556","135","231","118"
"1600000US5167000","Richmond city, Virginia","37956","736","26747","743","2007","260","4183","327","4704","348","4459","414","2603","258","1890","245","1396","229","1707","231","3699","335","99","59","11209","557","4020","383","2091","268","1334","209","969","170","525","140","477","130","256","77","308","103","961","165","268","122"
"1600000US5363000","Seattle city, Washington","149017","2207","107619","1893","7668","612","17246","829","21739","1076","17966","774","12150","694","7954","574","5179","508","6019","511","11319","778","379","109","41398","1191","17336","806","7444","590","4572","375","3075","450","1777","285","1383","247","854","215","1096","208","3378","388","483","134"
"1600000US5367000","Spokane city, Washington","49467","1060","34587","1010","2206","313","5211","503","6898","457","5511","451","4365","474","2924","411","1810","282","1764","317","3782","439","116","66","14880","649","6503","489","3104","313","1588","243","895","150","740","146","381","122","431","147","292","124","800","152","146","88"
"1600000US5370000","Tacoma city, Washington","41911","883","31550","816","1623","238","4016","378","5877","423","4905","440","4101","360","2956","311","2015","225","2134","270","3636","438","287","135","10361","573","3614","301","2411","245","1332","198","758","179","436","125","317","108","190","81","396","115","792","171","115","61"
"1600000US5553000","Milwaukee city, Wisconsin","96005","1304","64688","1188","3782","345","9100","595","12072","672","10713","603","7185","458","4951","337","3337","322","4110","384","8994","484","444","121","31317","844","8978","457","6778","415","4396","384","2681","290","2111","259","1265","189","929","167","1051","167","2590","218","538","124"
